{"train/loss": -18270.893676757812, "train/loglik": 834.5475463867188, "train/kldiv": -5157.87451171875, "train/out_l": 293.6264343261719, "_timestamp": 1686658121.5951138, "_runtime": 52.34501886367798, "_step": 60, "val/loss": -1142.4078369140625, "val/loglik": 52.300018310546875, "val/kldiv": -322.38299560546875, "val/out_l": 18.35901641845703, "test/loss": -1142.5537109375, "test/loglik": 52.349205017089844, "test/kldiv": -322.3829345703125, "test/out_l": 18.35733413696289, "_wandb": {"runtime": 51}}