{"train/loss": -6574.322601318359, "train/loglik": 631.3914794921875, "train/kldiv": -1543.363525390625, "train/out_l": 50.05772399902344, "_timestamp": 1686658046.5555787, "_runtime": 18.964210748672485, "_step": 10, "val/loss": -606.066650390625, "val/loglik": 43.189208984375, "val/kldiv": -157.60287475585938, "val/out_l": 3.690382242202759, "test/loss": -605.3535766601562, "test/loglik": 42.802520751953125, "test/kldiv": -157.52989196777344, "test/out_l": 4.356441020965576, "_wandb": {"runtime": 18}}