{"train/loss": -6574.322601318359, "train/loglik": 631.3914794921875, "train/kldiv": -1543.363525390625, "train/out_l": 50.05772399902344, "_timestamp": 1686657721.0573127, "_runtime": 19.148196697235107, "_step": 9, "test/loss": -606.066650390625, "test/loglik": 43.189208984375, "test/kldiv": -157.60287475585938, "test/out_l": 3.690382242202759, "_wandb": {"runtime": 18}}